<!--###############################################################################
##
## Copyright (C) 2014-2016, New York University.
## Copyright (C) 2011-2014, NYU-Poly.
## Copyright (C) 2006-2011, University of Utah.
## All rights reserved.
## Contact: contact@vistrails.org
##
## This file is part of VisTrails.
##
## "Redistribution and use in source and binary forms, with or without
## modification, are permitted provided that the following conditions are met:
##
##  - Redistributions of source code must retain the above copyright notice,
##    this list of conditions and the following disclaimer.
##  - Redistributions in binary form must reproduce the above copyright
##    notice, this list of conditions and the following disclaimer in the
##    documentation and/or other materials provided with the distribution.
##  - Neither the name of the New York University nor the names of its
##    contributors may be used to endorse or promote products derived from
##    this software without specific prior written permission.
##
## THIS SOFTWARE IS PROVIDED BY THE COPYRIGHT HOLDERS AND CONTRIBUTORS "AS IS"
## AND ANY EXPRESS OR IMPLIED WARRANTIES, INCLUDING, BUT NOT LIMITED TO,
## THE IMPLIED WARRANTIES OF MERCHANTABILITY AND FITNESS FOR A PARTICULAR
## PURPOSE ARE DISCLAIMED. IN NO EVENT SHALL THE COPYRIGHT HOLDER OR
## CONTRIBUTORS BE LIABLE FOR ANY DIRECT, INDIRECT, INCIDENTAL, SPECIAL,
## EXEMPLARY, OR CONSEQUENTIAL DAMAGES (INCLUDING, BUT NOT LIMITED TO,
## PROCUREMENT OF SUBSTITUTE GOODS OR SERVICES; LOSS OF USE, DATA, OR PROFITS;
## OR BUSINESS INTERRUPTION) HOWEVER CAUSED AND ON ANY THEORY OF LIABILITY,
## WHETHER IN CONTRACT, STRICT LIABILITY, OR TORT (INCLUDING NEGLIGENCE OR
## OTHERWISE) ARISING IN ANY WAY OUT OF THE USE OF THIS SOFTWARE, EVEN IF
## ADVISED OF THE POSSIBILITY OF SUCH DAMAGE."
##
###############################################################################
-->
<object name="action">
  <layout>
    <xml name="action" nodeType="xs:element"/>
  </layout>

  <property name="time" type="long" primaryKey="true">
    <xml nodeType="xs:attribute" type="xs:int"/>
  </property>

  <property name="parent" type="long">
    <xml nodeType="xs:attribute" type="xs:int"/>
  </property>

  <property name="user" type="str">
    <xml nodeType="xs:attribute" type="xs:string"/>
  </property>

  <property name="what" type="str">
    <xml nodeType="xs:attribute" type="xs:string"/>
  </property>

  <property name="date" type="str">
    <xml nodeType="xs:attribute" type="xs:string"/>
  </property>

  <property name="notes" type="str">
    <xml nodeType="xs:element" type="xs:string"/>
  </property>

  <choice name="data" type="object" discriminator="what" mapping="one-to-many">
    <property ref="true" object="addModule" mapping="one-to-many">
      <xml nodeType="xs:element"/>
    </property>
    <property ref="true" object="addConnection" mapping="one-to-many">
      <xml nodeType="xs:element"/>
    </property>
    <property ref="true" object="changeParameter" mapping="one-to-many">
      <xml nodeType="xs:element"/>
    </property>
    <property ref="true" object="changeAnnotation" mapping="one-to-many">
      <xml nodeType="xs:element"/>
    </property>
    <property ref="true" object="addModulePort" mapping="one-to-many">
      <xml nodeType="xs:element"/>
    </property>
    <property ref="true" object="moveModule" mapping="one-to-many">
      <xml nodeType="xs:element"/>
    </property>
    <property ref="true" object="deleteModule" mapping="one-to-many">
      <xml nodeType="xs:element"/>
    </property>
    <property ref="true" object="deleteConnection" mapping="one-to-many">
      <xml nodeType="xs:element"/>
    </property>
    <property ref="true" object="deleteFunction" mapping="one-to-many">
      <xml nodeType="xs:element"/>
    </property>
    <property ref="true" object="deleteAnnotation" mapping="one-to-many">
      <xml nodeType="xs:element"/>
    </property>
    <property ref="true" object="deleteModulePort" mapping="one-to-many">
      <xml nodeType="xs:element"/>
    </property>
  </choice>

</object>
