<!--###############################################################################
##
## Copyright (C) 2014-2016, New York University.
## Copyright (C) 2011-2014, NYU-Poly.
## Copyright (C) 2006-2011, University of Utah.
## All rights reserved.
## Contact: contact@vistrails.org
##
## This file is part of VisTrails.
##
## "Redistribution and use in source and binary forms, with or without
## modification, are permitted provided that the following conditions are met:
##
##  - Redistributions of source code must retain the above copyright notice,
##    this list of conditions and the following disclaimer.
##  - Redistributions in binary form must reproduce the above copyright
##    notice, this list of conditions and the following disclaimer in the
##    documentation and/or other materials provided with the distribution.
##  - Neither the name of the New York University nor the names of its
##    contributors may be used to endorse or promote products derived from
##    this software without specific prior written permission.
##
## THIS SOFTWARE IS PROVIDED BY THE COPYRIGHT HOLDERS AND CONTRIBUTORS "AS IS"
## AND ANY EXPRESS OR IMPLIED WARRANTIES, INCLUDING, BUT NOT LIMITED TO,
## THE IMPLIED WARRANTIES OF MERCHANTABILITY AND FITNESS FOR A PARTICULAR
## PURPOSE ARE DISCLAIMED. IN NO EVENT SHALL THE COPYRIGHT HOLDER OR
## CONTRIBUTORS BE LIABLE FOR ANY DIRECT, INDIRECT, INCIDENTAL, SPECIAL,
## EXEMPLARY, OR CONSEQUENTIAL DAMAGES (INCLUDING, BUT NOT LIMITED TO,
## PROCUREMENT OF SUBSTITUTE GOODS OR SERVICES; LOSS OF USE, DATA, OR PROFITS;
## OR BUSINESS INTERRUPTION) HOWEVER CAUSED AND ON ANY THEORY OF LIABILITY,
## WHETHER IN CONTRACT, STRICT LIABILITY, OR TORT (INCLUDING NEGLIGENCE OR
## OTHERWISE) ARISING IN ANY WAY OUT OF THE USE OF THIS SOFTWARE, EVEN IF
## ADVISED OF THE POSSIBILITY OF SUCH DAMAGE."
##
###############################################################################
-->
<object name="workflow">
  <layout>
    <xml name="workflow" nodeType="xs:element"/>
    <sql table="workflow"/>
  </layout>

  <property name="id" type="long" primaryKey="true">
    <xml nodeType="xs:attribute" type="xs:int"/>
    <sql type="int" autoInc="true" global="true" globalName="entity_id"/>
  </property>

  <property name="entity_type" type="str">
    <sql type="char(16)" global="true" globalName="entity_type"/>
  </property>

  <property name="name" type="str">
    <xml nodeType="xs:attribute" type="xs:string"/>
    <sql type="varchar(255)"/>
  </property>
  
  <property name="version" type="str">
    <xml nodeType="xs:attribute" type="xs:string"/>
    <sql type="char(16)"/>
  </property>

  <property name="last_modified" type="datetime">
    <sql type="datetime"/>
  </property>

  <choice name="module" type="list" mapping="one-to-many">
    <property name="module" ref="true" object="module">
      <xml nodeType="xs:element"/>
    </property>

    <property name="abstractionRef" ref="true" object="abstractionRef">
      <xml nodeType="xs:element"/>
    </property>
  </choice>
    
  <property ref="true" object="connection" type="list" mapping="one-to-many">
    <xml nodeType="xs:element"/>
  </property>

  <property ref="true" object="annotation" type="list" mapping="one-to-many">
    <xml nodeType="xs:element"/>
  </property>

  <!-- only need for copy/paste for no sql bindings -->
  <property ref="true" object="abstraction" type="list" mapping="one-to-many">
    <xml nodeType="xs:element"/>
  </property>

  <property ref="true" object="other" type="list" mapping="one-to-many">
    <xml nodeType="xs:element"/>
  </property>

  <property name="vistrail_id" type="long" foreignKey="true" object="vistrail">
    <xml nodeType="xs:attribute" type="xs:int"/>
    <sql type="int"/>
  </property>

</object>
  
