<!--###############################################################################
##
## Copyright (C) 2014-2016, New York University.
## Copyright (C) 2011-2014, NYU-Poly.
## Copyright (C) 2006-2011, University of Utah.
## All rights reserved.
## Contact: contact@vistrails.org
##
## This file is part of VisTrails.
##
## "Redistribution and use in source and binary forms, with or without
## modification, are permitted provided that the following conditions are met:
##
##  - Redistributions of source code must retain the above copyright notice,
##    this list of conditions and the following disclaimer.
##  - Redistributions in binary form must reproduce the above copyright
##    notice, this list of conditions and the following disclaimer in the
##    documentation and/or other materials provided with the distribution.
##  - Neither the name of the New York University nor the names of its
##    contributors may be used to endorse or promote products derived from
##    this software without specific prior written permission.
##
## THIS SOFTWARE IS PROVIDED BY THE COPYRIGHT HOLDERS AND CONTRIBUTORS "AS IS"
## AND ANY EXPRESS OR IMPLIED WARRANTIES, INCLUDING, BUT NOT LIMITED TO,
## THE IMPLIED WARRANTIES OF MERCHANTABILITY AND FITNESS FOR A PARTICULAR
## PURPOSE ARE DISCLAIMED. IN NO EVENT SHALL THE COPYRIGHT HOLDER OR
## CONTRIBUTORS BE LIABLE FOR ANY DIRECT, INDIRECT, INCIDENTAL, SPECIAL,
## EXEMPLARY, OR CONSEQUENTIAL DAMAGES (INCLUDING, BUT NOT LIMITED TO,
## PROCUREMENT OF SUBSTITUTE GOODS OR SERVICES; LOSS OF USE, DATA, OR PROFITS;
## OR BUSINESS INTERRUPTION) HOWEVER CAUSED AND ON ANY THEORY OF LIABILITY,
## WHETHER IN CONTRACT, STRICT LIABILITY, OR TORT (INCLUDING NEGLIGENCE OR
## OTHERWISE) ARISING IN ANY WAY OUT OF THE USE OF THIS SOFTWARE, EVEN IF
## ADVISED OF THE POSSIBILITY OF SUCH DAMAGE."
##
###############################################################################
-->
<object name="delete">
  <layout>
    <xml name="delete" nodeType="xs:element"/>
    <sql table="delete_tbl"/>
  </layout>
  
  <property name="id" type="long" primaryKey="true">
    <xml nodeType="xs:attribute" type="xs:int"/>
    <sql type="int"/>
  </property>
  
  <property name="what" type="str">
    <xml nodeType="xs:attribute" type="xs:string"/>
    <sql type="varchar(255)"/>
  </property>

  <property name="objectId" type="long" foreignKey="true" discriminator="what">
    <xml nodeType="xs:attribute" type="xs:int"/>
    <sql column="object_id" type="int"/>
  </property>

  <property name="parentObjId" type="long" foreignKey="true" 
	    discriminator="parentObjType">
    <xml nodeType="xs:attribute" type="xs:int"/>
    <sql column="par_obj_id" type="int"/>
  </property>

  <property name="parentObjType" type="str">
    <xml nodeType="xs:attribute" type="xs:string"/>
    <sql column="par_obj_type" type="char(16)"/>
  </property>

  <property name="action" type="long" ref="true" object="action" 
	    mapping="many-to-one" inverse="true">
    <sql column="action_id" type="int"/>
  </property>

  <property name="vistrailId" type="long" inverse="true"
	    foreignKey="true" object="vistrail">
    <sql column="vt_id" type="int"/>
  </property>

</object>
