<!--###############################################################################
##
## Copyright (C) 2014-2016, New York University.
## Copyright (C) 2011-2014, NYU-Poly.
## Copyright (C) 2006-2011, University of Utah.
## All rights reserved.
## Contact: contact@vistrails.org
##
## This file is part of VisTrails.
##
## "Redistribution and use in source and binary forms, with or without
## modification, are permitted provided that the following conditions are met:
##
##  - Redistributions of source code must retain the above copyright notice,
##    this list of conditions and the following disclaimer.
##  - Redistributions in binary form must reproduce the above copyright
##    notice, this list of conditions and the following disclaimer in the
##    documentation and/or other materials provided with the distribution.
##  - Neither the name of the New York University nor the names of its
##    contributors may be used to endorse or promote products derived from
##    this software without specific prior written permission.
##
## THIS SOFTWARE IS PROVIDED BY THE COPYRIGHT HOLDERS AND CONTRIBUTORS "AS IS"
## AND ANY EXPRESS OR IMPLIED WARRANTIES, INCLUDING, BUT NOT LIMITED TO,
## THE IMPLIED WARRANTIES OF MERCHANTABILITY AND FITNESS FOR A PARTICULAR
## PURPOSE ARE DISCLAIMED. IN NO EVENT SHALL THE COPYRIGHT HOLDER OR
## CONTRIBUTORS BE LIABLE FOR ANY DIRECT, INDIRECT, INCIDENTAL, SPECIAL,
## EXEMPLARY, OR CONSEQUENTIAL DAMAGES (INCLUDING, BUT NOT LIMITED TO,
## PROCUREMENT OF SUBSTITUTE GOODS OR SERVICES; LOSS OF USE, DATA, OR PROFITS;
## OR BUSINESS INTERRUPTION) HOWEVER CAUSED AND ON ANY THEORY OF LIABILITY,
## WHETHER IN CONTRACT, STRICT LIABILITY, OR TORT (INCLUDING NEGLIGENCE OR
## OTHERWISE) ARISING IN ANY WAY OUT OF THE USE OF THIS SOFTWARE, EVEN IF
## ADVISED OF THE POSSIBILITY OF SUCH DAMAGE."
##
###############################################################################
-->
<object name="workflow_exec">
  <layout>
    <xml name="workflowExec" nodeType="xs:element"/>
    <sql table="workflow_exec"/>
  </layout>

  <property name="id" type="long" primaryKey="true">
    <xml nodeType="xs:attribute" type="xs:int"/>
    <sql type="int"/>
  </property>

  <property name="user" type="str">
    <xml nodeType="xs:attribute" type="xs:string"/>
    <sql type="varchar(255)"/>
  </property>

  <property name="ip" type="str">
    <xml nodeType="xs:attribute" type="xs:string"/>
    <sql type="varchar(255)"/>
  </property>

  <property name="vt_version" type="str">
    <xml name="vtVersion" nodeType="xs:attribute" type="xs:string"/>
    <sql type="varchar(255)"/>
  </property>

  <property name="ts_start" type="datetime">
    <xml name="tsStart" nodeType="xs:attribute" type="xs:dateTime"/>
    <sql type="datetime"/>
  </property>

  <property name="ts_end" type="datetime">
    <xml name="tsEnd" nodeType="xs:attribute" type="xs:dateTime"/>
    <sql type="datetime"/>
  </property>

  <property name="parent_id" type="long">
    <xml name="parentId" nodeType="xs:attribute" type="xs:int"/>
    <sql type="int"/>
  </property>

  <property name="parent_type" type="str">
    <xml name="parentType" nodeType="xs:attribute" type="xs:string"/>
    <sql type="varchar(255)"/>
  </property>

  <property name="parent_version" type="long">
    <xml name="parentVersion" nodeType="xs:attribute" type="xs:int"/>
    <sql type="int"/>
  </property>
  
  <property name="name" type="str">
    <xml nodeType="xs:attribute" type="xs:string"/>
    <sql type="varchar(255)"/>
  </property>

  <property ref="true" object="log" type="long" mapping="many-to-one" 
	    inverse="true">
    <sql column="log_id" type="int"/>
  </property>

  <property ref="true" object="module_exec" type="list" mapping="one-to-many">
    <xml nodeType="xs:element"/>
  </property>

  <property name="vistrailId" type="long" inverse="true"
	    foreignKey="true" object="vistrail">
    <sql column="vt_id" type="int"/>
  </property>

</object>
